{"cameraMode":{"drawMode":0,"name":"Shaded","section":"Shading Mode"},"sceneLighting":true,"audioPlay":false,"sceneViewState":{"showFog":false,"showMaterialUpdate":false,"showSkybox":false,"showFlares":false,"showImageEffects":false,"showParticleSystems":true},"in2DMode":false,"pivot":{"x":-0.109130859375,"y":-3.8010263442993166,"z":4.643648624420166},"rotation":{"x":-0.12386258691549301,"y":0.8024131655693054,"z":-0.1788535714149475,"w":-0.5557001829147339},"size":20.398061752319337,"orthographic":false}